Title,Year,imdbID,tmdbID
Now You See Me: Now You Don't,2025,tt4712810,425274
Apollo 11,2019,tt8760684,549559
Law Abiding Citizen,2009,tt1197624,22803
Sinners,2025,tt31193180,1233413
Frankenstein,2025,tt1312221,1062722
Star Wars,1977,tt0076759,11
Nikita,1990,tt0100263,9322
Collateral,2004,tt0369339,1538
Vikram,2022,tt9179430,743563
Zootopia,2016,tt2948356,269149
Michael Clayton,2007,tt0465538,4566
Alien Resurrection,1997,tt0118583,8078
Accepted,2006,tt0384793,9788
Alien³,1992,tt0103644,8077
Star Wars: Episode I - The Phantom Menace,1999,tt0120915,1893
Den of Thieves,2018,tt1259528,449443
Attack on Titan II: End of the World,2015,tt4294052,340382
Attack on Titan,2015,tt2072230,295830
Por Thozhil,2023,tt27542289,1115239
The Plot,2024,tt26591189,865910
Ransom,1996,tt0117438,3595
The Counselor,2013,tt2193215,109091
Ultraviolet,2006,tt0370032,9920
Taandob,2025,tt36293840,1396122
RoboCop,2014,tt1234721,97020
Death Race 2,2010,tt1500491,51620
Death Race,2008,tt0452608,10483
Punisher: War Zone,2008,tt0450314,13056
Cellular,2004,tt0337921,9759
The Punisher,2004,tt0330793,7220
Redemption,2013,tt2201886,158394
Transcendence,2014,tt2209764,157353
Aliens,1986,tt0090605,679
57 Seconds,2023,tt18083578,937249
Flight,2012,tt1907668,87502
Bullet,2014,tt2544734,169298
Ninja Assassin,2009,tt1186367,22832
Solo: A Star Wars Story,2018,tt3778644,348350
Rogue One: A Star Wars Story,2016,tt3748528,330459
Alien: Covenant,2017,tt2316204,126889
Prometheus,2012,tt1446714,70981
Inheritance,2020,tt7923220,602147
Nobody 2,2025,tt28996126,1007734
American Ultra,2015,tt3316948,261392
F1,2025,tt16311594,911430
Foxter and Max,2019,tt8269856,611014
Mission: Impossible - The Final Reckoning,2025,tt9603208,575265
War,2007,tt0499556,10431
Superman,2025,tt5950044,1061474
Bullet to the Head,2012,tt1308729,70074
The Villainess,2017,tt6777338,437109
The Killer,2023,tt1136617,800158
HIT: The Third Case,2025,tt23804696,1060046
HIT: The 2nd Case,2022,tt14279982,811945
HIT: The First Case,2020,tt11490170,678391
I Saw the Devil,2010,tt1588170,49797
G.I. Joe: Retaliation,2013,tt1583421,72559
G.I. Joe: The Rise of Cobra,2009,tt1046173,14869
The Old Guard 2,2025,tt14961624,846422
Paddington 2,2017,tt4468740,346648
The King's Man,2021,tt6856242,476669
Mickey 17,2025,tt12299608,696506
The Accountant²,2025,tt7068946,870028
Selena Gomez: My Mind & Me,2022,tt21819250,1022256
Thunderbolts*,2025,tt20969586,986056
Final Destination 2,2003,tt0309593,9358
Ballerina,2025,tt7181546,541671
The Amateur,2025,tt0899043,1087891
Indiana Jones and the Kingdom of the Crystal Skull,2008,tt0367882,217
Indiana Jones and the Last Crusade,1989,tt0097576,89
Indiana Jones and the Temple of Doom,1984,tt0087469,87
Hot Fuzz,2007,tt0425112,4638
Children of Men,2006,tt0206634,9693
Total Recall,2012,tt1386703,64635
Run Lola Run,1998,tt0130827,104
Total Recall,1990,tt0100802,861
The Game,1997,tt0119174,2649
Chaos,2005,tt0402910,5289
The Devil's Advocate,1997,tt0118971,1813
Brainscan,1994,tt0109327,14237
Annihilation,2018,tt2798920,300668
Oblivion,2013,tt1483013,75612
Predestination,2014,tt2397535,206487
Split,2017,tt4972582,381288
The Truman Show,1998,tt0120382,37165
Identity,2003,tt0309698,2832
"I, Robot",2004,tt0343818,2048
Black Swan,2010,tt0947798,44214
The Machinist,2004,tt0361862,4553
Sherlock Holmes: A Game of Shadows,2011,tt1515091,58574
Sherlock Holmes,2009,tt0988045,10528
Tom Clancy's Without Remorse,2021,tt0499097,567189
The Illusionist,2006,tt0443543,1491
The Magnificent Seven,2016,tt2404435,333484
The Contractor,2022,tt10323676,628900
A Working Man,2025,tt9150192,1197306
Captain America: Brave New World,2025,tt14513804,822119
Run All Night,2015,tt2199571,241554
The Count of Monte Cristo,2024,tt26446278,1084736
A Beautiful Mind,2001,tt0268978,453
Rekhachithram,2025,tt32284154,1290954
La La Land,2016,tt3783958,313369
The Shining,1980,tt0081505,694
Shohorer Bou,2005,,1437639
The Double,2011,tt1646980,73499
Companion,2025,tt26584495,1084199
The Replacement Killers,1998,tt0120008,11702
The Pianist,2002,tt0253474,423
Marco,2024,tt29383379,1186350
Mikhael,2019,tt8694228,573257
Scarface,1983,tt0086250,111
Get Out,2017,tt5052448,419430
Mystic River,2003,tt0327056,322
A History of Violence,2005,tt0399146,59
Raiders of the Lost Ark,1981,tt0082971,85
Dead Man Down,2013,tt2101341,102362
Killer Joe,2012,tt1726669,73567
No Country for Old Men,2007,tt0477348,6977
GoodFellas,1990,tt0099685,769
Edward Scissorhands,1990,tt0099487,162
Panic Room,2002,tt0258000,4547
The Sixth Sense,1999,tt0167404,745
The Imitation Game,2014,tt2084970,205596
Psycho III,1986,tt0091799,12662
Psycho II,1983,tt0086154,10576
Psycho,1960,tt0054215,539
The Silence of the Lambs,1991,tt0102926,274
Hannibal,2001,tt0212985,9740
Red Dragon,2002,tt0289765,9533
The Girl in the Spider's Web,2018,tt5177088,446807
Primal Fear,1996,tt0117381,1592
"The Good, the Bad and the Ugly",1966,tt0060196,429
For a Few Dollars More,1965,tt0059578,938
A Fistful of Dollars,1964,tt0058461,391
12 Angry Men,1957,tt0050083,389
Copycat,1995,tt0112722,1710
The Client,1994,tt0109446,10731
Inglourious Basterds,2009,tt0361748,16869
The Commuter,2018,tt1590193,399035
Peppermint,2018,tt6850820,458594
The Amazing Spider-Man 2,2014,tt1872181,102382
The Amazing Spider-Man,2012,tt0948470,1930
The Fugitive,1993,tt0106977,5503
The Butterfly Effect,2004,tt0289879,1954
The Shadow Strays,2024,tt28349451,1151949
Aftermath,2024,tt26545708,1081012
Conclave,2024,tt20215234,974576
Ford v Ferrari,2019,tt1950186,359724
Sniper: Ultimate Kill,2017,tt6349302,464889
Sniper: Ghost Shooter,2016,tt5090828,407375
Sniper 3,2004,tt0408196,14247
Pushpa 2 - The Rule,2024,tt16539454,857598
Schindler's List,1993,tt0108052,424
Sniper 2,2002,tt0338450,14245
Sniper,1993,tt0108171,9545
Equilibrium,2002,tt0238380,7299
Abduction,2011,tt1600195,59965
Enemy of the State,1998,tt0120660,9798
Morgan,2016,tt4520364,377264
Once Upon a Time in the West,1968,tt0064116,335
The Age of Adaline,2015,tt1655441,293863
Underworld: Blood Wars,2016,tt3717252,346672
Underworld: Awakening,2012,tt1496025,52520
Underworld: Rise of the Lycans,2009,tt0834001,12437
Underworld: Evolution,2006,tt0401855,834
Underworld,2003,tt0320691,277
The Hunger Games,2012,tt1392170,70160
Manchester by the Sea,2016,tt4034228,334541
Agni,2024,tt27930683,1238167
Juror #2,2024,tt27403986,1106739
Lucky Baskhar,2024,tt27540542,1239511
Lockout,2012,tt1592525,81796
Carry-On,2024,tt21382296,1005331
Venom: The Last Dance,2024,tt16366836,912649
Eternals,2021,tt9032400,524434
El Camino: A Breaking Bad Movie,2019,tt9243946,559969
The Menu,2022,tt9764362,593643
Dredd,2012,tt1343727,49049
Alien,1979,tt0078748,348
Elite Squad: The Enemy Within,2010,tt1555149,47931
The Hunger Games: Catching Fire,2013,tt1951264,101299
Mandy,2018,tt6998518,460885
A Quiet Place Part II,2021,tt8332922,520763
Heat,1995,tt0113277,949
Snowpiercer,2013,tt1706620,110415
Gladiator II,2024,tt9218128,558449
All the Bright Places,2020,tt3907584,342470
The Grey,2012,tt1601913,75174
A Quiet Place,2018,tt6644200,447332
Limitless,2011,tt1219289,51876
The Northman,2022,tt11138512,639933
Alita: Battle Angel,2019,tt0437086,399579
The Prestige,2006,tt0482571,1124
Insomnia,2002,tt0278504,320
Colombiana,2011,tt1657507,62835
Miami Vice,2006,tt0430357,82
Eraser,1996,tt0116213,9268
Toofan,2024,tt30415138,1216385
The Girl with the Dragon Tattoo,2009,tt1132620,15472
The Wild Robot,2024,tt29623480,1184918
Assassin's Creed,2016,tt2094766,121856
Taxi Driver,1976,tt0075314,103
Pather Panchali,1955,tt0048473,5801
The Grandmaster,2013,tt1462900,44865
Ichi the Killer,2001,tt0296042,9696
Lost Bullet,2020,tt10456740,706503
Joker: Folie à Deux,2024,tt11315808,889737
Gladiator,2000,tt0172495,98
The Substance,2024,tt17526714,933260
Triple Frontier,2019,tt1488606,399361
World War Z,2013,tt0816711,72190
Dark Phoenix,2019,tt6565702,320288
X-Men: Apocalypse,2016,tt3385516,246655
X-Men: Days of Future Past,2014,tt1877832,127585
X-Men: First Class,2011,tt1270798,49538
X-Men: The Last Stand,2006,tt0376994,36668
X2,2003,tt0290334,36658
X-Men,2000,tt0120903,36657
Live Free or Die Hard,2007,tt0337978,1571
Die Hard: With a Vengeance,1995,tt0112864,1572
Die Hard 2,1990,tt0099423,1573
Die Hard,1988,tt0095016,562
Shutter Island,2010,tt1130884,11324
Pirates of the Caribbean: Dead Men Tell No Tales,2017,tt1790809,166426
Pirates of the Caribbean: On Stranger Tides,2011,tt1298650,1865
L.A. Confidential,1997,tt0119488,2118
Pirates of the Caribbean: At World's End,2007,tt0449088,285
Pirates of the Caribbean: Dead Man's Chest,2006,tt0383574,58
Pirates of the Caribbean: The Curse of the Black Pearl,2003,tt0325980,22
The Transporter Refueled,2015,tt2938956,287948
Transporter 3,2008,tt1129442,13387
Transporter 2,2005,tt0388482,9335
Deadpool & Wolverine,2024,tt6263850,533535
The Transporter,2002,tt0293662,4108
Captain Phillips,2013,tt1535109,109424
Star Trek Beyond,2016,tt2660888,188927
Star Trek Into Darkness,2013,tt1408101,54138
Star Trek,2009,tt0796366,13475
Transformers: The Last Knight,2017,tt3371366,335988
Transformers: Age of Extinction,2014,tt2109248,91314
Terminator: Dark Fate,2019,tt6450804,290859
The Social Network,2010,tt1285016,37799
Terminator Genisys,2015,tt1340138,87101
Terminator Salvation,2009,tt0438488,534
Nightcrawler,2014,tt2872718,242582
Maleficent: Mistress of Evil,2019,tt4777008,420809
Maleficent,2014,tt1587310,102651
Public Enemies,2009,tt1152836,11322
The Wedding Guest,2019,tt7645780,500899
Kingsman: The Secret Service,2015,tt2802144,207703
Terminator 3: Rise of the Machines,2003,tt0181852,296
Terminator 2: Judgment Day,1991,tt0103064,280
The Terminator,1984,tt0088247,218
Transformers: Dark of the Moon,2011,tt1399103,38356
The Man from Nowhere,2010,tt1527788,51608
Transformers: Revenge of the Fallen,2009,tt1055369,8373
Transformers,2007,tt0418279,1858
Killer Elite,2011,tt1448755,49021
Reptile,2023,tt13274016,866463
No Mercy,2010,tt1662557,50475
The Guilty,2021,tt9421570,567748
Nocturnal Animals,2016,tt4550098,340666
Survivor,2015,tt3247714,334074
The Vault,2021,tt9742794,630004
The Assistant,2022,tt16997558,962910
Inside Man,2006,tt0454848,388
Upgrade,2018,tt6499752,500664
Wonder Woman 1984,2020,tt7126948,464052
Free Guy,2021,tt6264654,550988
Justice League,2017,tt0974015,141052
Guardians of the Galaxy Volume 3,2023,tt6791350,447365
Guardians of the Galaxy Vol. 2,2017,tt3896198,283995
The Godfather: Part III,1990,tt0099674,242
Harry Potter and the Deathly Hallows: Part 2,2011,tt1201607,12445
Harry Potter and the Half-Blood Prince,2009,tt0417741,767
Harry Potter and the Chamber of Secrets,2002,tt0295297,672
Avengers: Age of Ultron,2015,tt2395427,99861
The Marvels,2023,tt10676048,609681
Thor: Love and Thunder,2022,tt10648342,616037
Spider-Man: Far From Home,2019,tt6320628,429617
Black Panther,2018,tt1825683,284054
The Incredible Hulk,2008,tt0800080,1724
Hulk,2003,tt0286716,1927
Captain America: The Winter Soldier,2014,tt1843866,100402
Iron Man 2,2010,tt1228705,10138
Captain Marvel,2019,tt4154664,299537
The Godfather: Part II,1974,tt0071562,240
Captain America: The First Avenger,2011,tt0458339,1771
The Godfather,1972,tt0068646,238
Gone Girl,2014,tt2267998,210577
Looper,2012,tt1276104,59967
Salt,2010,tt0944835,27576
Road to Perdition,2002,tt0257044,4147
Pandorum,2009,tt1188729,19898
Boy Kills World,2024,tt13923084,882059
The Protégé,2021,tt6079772,645788
My Name Is Vendetta,2022,tt15229674,873126
Ghost in the Shell,2017,tt1219827,315837
Hitman,2007,tt0465494,1620
Angel Has Fallen,2019,tt6189022,423204
London Has Fallen,2016,tt3300542,267860
The Foreigner,2017,tt1615160,379149
Olympus Has Fallen,2013,tt2302755,117263
Headhunters,2011,tt1614989,70670
I.T.,2016,tt2679552,340677
The Assignment,2016,tt5034474,399173
Triple 9,2016,tt1712261,146198
Security,2017,tt3501112,460846
The Hunter,2011,tt1703148,70954
Yes Man,2008,tt1068680,10201
Hanna,2011,tt0993842,50456
Chhichhore,2019,tt9052870,596650
3 Idiots,2009,tt1187043,20453
Bhoothnath,2008,tt0991346,15974
Zero,2018,tt6527426,496076
Chennai Express,2013,tt2112124,205022
Jawan,2023,tt15354916,872906
Dabangg 3,2019,tt7059844,496339
Dabangg 2,2012,tt2112131,147405
Bodyguard,2011,tt1729637,73582
Ek Tha Tiger,2012,tt2016894,85985
Sultan,2016,tt4832640,376812
Bajrangi Bhaijaan,2015,tt3863552,348892
Tiger Zinda Hai,2017,tt5956100,441909
Ra.One,2011,tt1562871,41517
Bāhubali 2: The Conclusion,2017,tt4849438,350312
Bāhubali: The Beginning,2015,tt2631186,256040
Absolution,2015,tt3503840,332976
Wrath of Man,2021,tt11083552,637649
Becky,2020,tt10314450,601844
Rampage: Capital Punishment,2014,tt3448226,250388
Skyfall,2012,tt1074638,37724
Sin City,2005,tt0401792,187
Maharaja,2024,tt26548265,1118224
The Taking of Pelham 1 2 3,2009,tt1111422,18487
The Host,2013,tt1517260,72710
Memory,2022,tt11827628,818397
Hitman: Agent 47,2015,tt2679042,249070
The Painter,2024,tt30253266,1211957
Bad Romance: The Vicky White Story,2023,tt29007231,1189796
The Girl with the Dragon Tattoo,2011,tt1568346,65754
Serenity,2005,tt0379786,16320
Shaun of the Dead,2004,tt0365748,747
Resident Evil: The Final Chapter,2016,tt2592614,173897
Resident Evil: Retribution,2012,tt1855325,71679
Resident Evil: Afterlife,2010,tt1220634,35791
Resident Evil: Extinction,2007,tt0432021,7737
Resident Evil: Apocalypse,2004,tt0318627,1577
Resident Evil,2002,tt0120804,1576
The Little Things,2021,tt10016180,602269
Wheelman,2017,tt5723286,471014
Blade: Trinity,2004,tt0359013,36648
Blade II,2002,tt0187738,36586
Blade,1998,tt0120611,36647
The Wolverine,2013,tt1430132,76170
X-Men Origins: Wolverine,2009,tt0458525,2080
Django Unchained,2012,tt1853728,68718
Thor: Ragnarok,2017,tt3501632,284053
Thor: The Dark World,2013,tt1981115,76338
Thor,2011,tt0800369,10195
Home Alone 4,2002,tt0329200,12536
Home Alone 3,1997,tt0119303,9714
Beauty and the Beast,2017,tt2771200,321612
Lara Croft: Tomb Raider - The Cradle of Life,2003,tt0325703,1996
A Good Day to Die Hard,2013,tt1606378,47964
Spectre,2015,tt2379713,206647
The Batman,2022,tt1877830,414906
IO,2019,tt3256226,433249
The Arrival,2016,tt5623378,401867
Ant-Man and the Wasp: Quantumania,2023,tt10954600,640146
Ant-Man and the Wasp,2018,tt5095030,363088
Orphan,2009,tt1148204,21208
The Next Three Days,2010,tt1458175,43539
Sanak,2021,tt13912632,790019
F9,2021,tt5433138,385128
Furious 7,2015,tt2820852,168259
Fast & Furious 6,2013,tt1905041,82992
Fast Five,2011,tt1596343,51497
Fast & Furious,2009,tt1013752,13804
The Fast and the Furious: Tokyo Drift,2006,tt0463985,9615
Sicario: Day of the Soldado,2018,tt5052474,400535
The Departed,2006,tt0407887,1422
Oldboy,2003,tt0364569,670
Cruella,2021,tt3228774,337404
Perfume: The Story of a Murderer,2006,tt0396171,1427
Unlocked,2017,tt1734493,291276
In Time,2011,tt1637688,49530
Hacksaw Ridge,2016,tt2119532,324786
Army of the Dead,2021,tt0993840,503736
Escape Plan: The Extractors,2019,tt6772804,480042
Escape Plan 2: Hades,2018,tt6513656,440471
Escape Plan,2013,tt1211956,107846
WALL·E,2008,tt0910970,10681
Top Gun: Maverick,2022,tt1745960,361743
Top Gun,1986,tt0092099,744
Arrival,2016,tt2543164,329865
V for Vendetta,2006,tt0434409,752
San Andreas,2015,tt2126355,254128
Déjà Vu,2006,tt0453467,7551
Forgotten,2017,tt7057496,488623
Takers,2010,tt1135084,22907
Furiosa: A Mad Max Saga,2024,tt12037194,786892
Ant-Man,2015,tt0478970,102899
No Time to Die,2021,tt2382320,370172
Erased,2012,tt1645155,106021
Ex Machina,2015,tt0470752,264660
Quantum of Solace,2008,tt0830515,10764
Batman v Superman: Dawn of Justice,2016,tt2975590,209112
Expend4bles,2023,tt3291150,299054
The Expendables 3,2014,tt2333784,138103
The Expendables 2,2012,tt1764651,76163
The Expendables,2010,tt1320253,27578
Red Notice,2021,tt7991608,512195
Haywire,2011,tt1506999,70435
Broken City,2013,tt1235522,98357
American Sniper,2014,tt2179136,190859
A Single Shot,2013,tt1540741,159932
Triangle,2009,tt1187064,26466
Casino Royale,2006,tt0381061,36557
6 Underground,2019,tt8106534,509967
Man of Steel,2013,tt0770828,49521
Parker,2013,tt1904996,119283
Kick-Ass 2,2013,tt1650554,59859
Kick-Ass,2010,tt1250777,23483
The Suicide Squad,2021,tt6334354,436969
Focus,2015,tt2381941,256591
The Dark Knight Rises,2012,tt1345836,49026
Batman Begins,2005,tt0372784,272
Kill Bill: Vol. 2,2004,tt0378194,393
Kill Bill: Vol. 1,2003,tt0266697,24
The Book of Eli,2010,tt1037705,20504
Non-Stop,2014,tt2024469,225574
Zodiac,2007,tt0443706,1949
Man on Fire,2004,tt0328107,9509
Deadpool 2,2018,tt5463162,383498
Deadpool,2016,tt1431045,293660
Homefront,2013,tt2312718,204082
Blitz,2011,tt1297919,55846
Unstoppable,2010,tt0477080,44048
Contraband,2012,tt1524137,77866
2 Fast 2 Furious,2003,tt0322259,584
The Furies,2019,tt8228172,528091
Pulp Fiction,1994,tt0110912,680
The Hunt,2020,tt8244784,514847
Prisoners,2013,tt1392214,146233
The Protector,2005,tt0427954,8982
Unknown,2011,tt1401152,48138
Crank: High Voltage,2009,tt1121931,15092
RED 2,2013,tt1821694,146216
RED,2010,tt1245526,39514
Atlas,2024,tt14856980,614933
Sniper: Assassin's End,2020,tt12305696,702936
The Matrix Revolutions,2003,tt0242653,605
Atomic Blonde,2017,tt2406566,341013
Spy,2015,tt3079380,238713
The Fast and the Furious,2001,tt0232500,9799
The Accountant,2016,tt2140479,302946
Revenge,2018,tt6738136,467938
Crank,2006,tt0479884,1948
Drive,2011,tt0780504,64690
Mission: Impossible - Fallout,2018,tt4912910,353081
The Bourne Identity,2002,tt0258463,2501
The Bourne Supremacy,2004,tt0372183,2502
The Bourne Ultimatum,2007,tt0440963,2503
Jason Bourne,2016,tt4196776,324668
The Bourne Legacy,2012,tt1194173,49040
The Matrix Resurrections,2021,tt10838180,624860
Safe House,2012,tt1599348,59961
Jack Reacher,2012,tt0790724,75780
Nobody,2021,tt7888964,615457
Shooter,2007,tt0822854,7485
Escape Room: Tournament of Champions,2021,tt9844522,585216
The Bank Job,2008,tt0200465,8848
Wild Card,2015,tt2231253,265208
Escape Room,2019,tt5886046,522681
Mechanic: Resurrection,2016,tt3522806,278924
Mission Impossible,2018,,624265
Mission: Impossible - Rogue Nation,2015,tt2381249,177677
The Guest,2014,tt2980592,241848
Jack Reacher: Never Go Back,2016,tt3393786,343611
The Mechanic,2011,tt0472399,27582
Mission: Impossible - Ghost Protocol,2011,tt1229238,56292
Mission: Impossible III,2006,tt0317919,956
Taken 3,2014,tt2446042,260346
Taken 2,2012,tt1397280,82675
Taken,2008,tt0936501,8681
Mission: Impossible II,2000,tt0120755,955
Mission: Impossible,1996,tt0117060,954
Mission: Impossible - Dead Reckoning Part One,2023,tt9603212,575264
The Night Comes for Us,2018,tt6116856,449992
Sicario,2015,tt3397884,273481
The Raid 2,2014,tt2265171,180299
The Raid,2012,tt1899353,94329
Thief,1981,tt0083190,11524
Greenland,2020,tt7737786,524047
Barbie,2023,tt1517268,346698
Article 370,2024,tt30970235,1233531
Salaar: Part 1 - Ceasefire,2023,tt13927994,770906
Breathe,2024,tt11540468,720321
Road House,2024,tt3359350,359410
Damaged,2024,tt27304026,1105407
Kung Fu Panda 4,2024,tt21692408,1011985
Dune: Part Two,2024,tt15239678,693134
Doctor Strange in the Multiverse of Madness,2022,tt9419884,453395
Kate,2021,tt7737528,597891
Wolf Creek 2,2013,tt2004432,199534
Wolf Creek,2005,tt0416315,9885
Doctor Strange,2016,tt1211837,284052
Inferno,2016,tt3062096,207932
Angels & Demons,2009,tt0808151,13448
The Old Guard,2020,tt7556122,547016
Frozen II,2019,tt4520988,330457
Frozen,2013,tt2294629,109445
Fight Club,1999,tt0137523,550
The Wolf of Wall Street,2013,tt0993846,106646
The Beekeeper,2024,tt15314262,866398
Animal,2023,tt13751694,781732
The Mill,2023,tt26569323,1081400
Wanted Man,2024,tt15791574,666035
Aquaman and the Lost Kingdom,2023,tt9663764,572802
Fighter,2024,tt13818368,784651
Byomkesh Gotro,2018,tt8665794,546219
Fractured,2019,tt4332232,568091
Paddington,2014,tt1109624,116149
12th Fail,2023,tt23849204,1163258
Dune,2021,tt1160419,438631
Baby Driver,2017,tt3890160,339403
Mad Max: Fury Road,2015,tt1392190,76341
#Hacked,2014,tt4815766,352473
Tiger Nageswara Rao,2023,tt9688874,893653
Custody,2023,tt23782248,965203
Leo,2023,tt15654328,949229
Harry Potter and the Deathly Hallows: Part 1,2010,tt0926084,12444
Harry Potter and the Order of the Phoenix,2007,tt0373889,675
The Lord of the Rings: The Two Towers,2002,tt0167261,121
Fast X,2023,tt5433140,385687
Home Alone 2: Lost in New York,1992,tt0104431,772
Harry Potter and the Prisoner of Azkaban,2004,tt0304141,673
Harry Potter and the Philosopher's Stone,2001,tt0241527,671
Oppenheimer,2023,tt15398776,872585
Captain America: Civil War,2016,tt3498820,271110
Titanic,1997,tt0120338,597
Spider-Man: No Way Home,2021,tt10872600,634649
Aquaman,2018,tt1477834,297802
Knives Out,2019,tt8946378,546554
Jumanji: Welcome to the Jungle,2017,tt2283362,353486
Se7en,1995,tt0114369,807
Passengers,2016,tt1355644,274870
The Shawshank Redemption,1994,tt0111161,278
The Lord of the Rings: The Return of the King,2003,tt0167260,122
Avengers: Endgame,2019,tt4154796,299534
Moana,2016,tt3521164,277834
The Martian,2015,tt3659388,286217
Spider-Man: Homecoming,2017,tt2250912,315635
Iron Man,2008,tt0371746,1726
Suicide Squad,2016,tt1386697,297761
Wonder Woman,2017,tt0451279,297762
Avengers: Infinity War,2018,tt4154756,299536
Logan,2017,tt3315342,263115
The Matrix,1999,tt0133093,603
The Avengers,2012,tt0848228,24428
Scorched Earth,2018,tt2392748,347111
The Italian Job,2003,tt0317740,9654
The Last Voyage of the Demeter,2023,tt1001520,635910
Rahasya Romancha Series 3,2020,,807916
Dracula Sir,2020,tt11963736,718011
Ludo,2020,tt7212754,658412
Vinci Da,2019,tt10217550,596690
The White Tiger,2021,tt6571548,628534
Enola Holmes 2,2022,tt14641788,829280
Enola Holmes,2020,tt7846844,497582
Godzilla vs. Kong,2021,tt5034838,399566
Joker,2019,tt7286456,475557
Raya and the Last Dragon,2021,tt5109280,527774
AK vs AK,2020,tt11651796,735919
Master,2021,tt10579952,626392
Lucy,2014,tt2872732,240832
Birds of Prey (and the Fantabulous Emancipation of One Harley Quinn),2020,tt7713068,495764
Maze Runner: The Death Cure,2018,tt4500922,336843
Maze Runner: The Scorch Trials,2015,tt4046784,294254
The Maze Runner,2014,tt1790864,198663
Deliver Us from Evil,2020,tt12763920,581526
Jagame Thandhiram,2021,tt10661848,656113
Hatched,2021,tt11217094,844775
American Psycho,2000,tt0144084,1359
Dunkirk,2017,tt5013056,374720
Tenet,2020,tt6723592,577922
Inception,2010,tt1375666,27205
The Dark Knight,2008,tt0468569,155
The Lighthouse,2019,tt7984734,503919
Eagle Eye,2008,tt1059786,13027
Minority Report,2002,tt0181689,180
Midsommar,2019,tt8772262,530385
Memento,2000,tt0209144,77
Edge of Tomorrow,2014,tt1631867,137113
Riders of Justice,2020,tt11655202,663870
Antim: The Final Truth,2021,tt13491110,774607
Venom: Let There Be Carnage,2021,tt7097896,580489
Venom,2018,tt1270797,335983
Pushpa: The Rise,2021,tt9389998,690957
Murder At Teesri Manzil 302,2021,tt16750728,921403
3-D Sex and Zen: Extreme Ecstasy,2011,tt1365048,67308
Sex and Zen III,1998,tt0133196,123338
Sex and Zen,1991,tt0105287,45491
Mortal Kombat,2021,tt0293429,460465
Now You See Me 2,2016,tt3110958,291805
Now You See Me,2013,tt1670345,75656
Last Looks,2022,tt9244554,557946
Muddy,2021,tt12032938,885240
Vakeel Saab,2021,tt8269248,673732
Garuda Gamana Vrishabha Vahana,2021,tt11953248,678466
Don 2,2011,tt1285241,41109
Don,2006,tt0461936,17501
Gold,2022,tt6020800,760926
Escape from Pretoria,2020,tt5797184,502425
I Am Mortal,2021,tt6385680,919269
Harry Potter 20th Anniversary: Return to Hogwarts,2022,tt16116174,899082
Encanto,2021,tt2953050,568124
Dhamaka,2021,tt13510660,767377
Tadap,2021,tt10761694,669696
Nightmare Alley,2021,tt7740496,597208
The 355,2022,tt8356942,522016
Talaash,2012,tt1787988,86004
Clean,2022,tt10023022,689700
Churuli,2021,tt12625756,721636
K.G.F: Chapter 2,2022,tt10698680,587412
K.G.F: Chapter 1,2018,tt7838252,564147
RRR,2022,tt8178634,579974
Gangubai Kathiawadi,2022,tt10083340,664332
Ambulance,2022,tt4998632,763285
Fantastic Beasts and Where to Find Them,2016,tt3183660,259316
Fantastic Beasts: The Crimes of Grindelwald,2018,tt4123430,338952
Fantastic Beasts: The Secrets of Dumbledore,2022,tt4123432,338953
Dual,2022,tt9005184,698128
Runway 34,2022,tt11460992,766116
Pada,2022,tt10375094,828378
Anek,2022,tt13919802,888268
Forensic,2022,tt15121860,915867
Writer,2021,tt14452368,874207
Spiderhead,2022,tt9783600,615469
Kuttavum Shikshayum,2022,tt12147800,857346
Centauro,2022,tt13479592,852592
Rang De,2021,tt11024580,795104
The Adam Project,2022,tt2463208,696806
Freddy,2022,tt15145764,1041054
Karnasubarner Guptodhon,2022,tt22336444,921662
Drishyam 2,2022,tt15501640,1029827
Raees,2017,tt3405236,363343
Plane,2023,tt5884796,646389
Thunivu,2023,tt15163652,904557
Unlocked,2023,tt26160190,740441
Maarrich,2022,tt13878694,787538
Infiesto,2023,tt15789492,1072567
Dr. 56,2022,tt15465194,1036788
6-5=2,2014,tt5162476,485510
Knock at the Cabin,2023,tt15679400,631842
Hun Iqbal,2023,tt26629768,1090540
Missing,2023,tt10855768,768362
Avatar: The Way of Water,2022,tt1630029,76600
Avatar,2009,tt0499549,19995
Tiger 3,2023,tt18411490,720557
Pathaan,2023,tt12844910,864692
Chor Nikal Ke Bhaga,2023,tt22297828,1018228
Sisu,2022,tt14846026,840326
Viduthalai: Part I,2023,tt11396310,786345
Shabash Feluda: Gangtokey Gondogol,2023,tt27587947,1019345
Dada,2023,tt25405130,965979
Gaslight,2023,tt27012110,1092654
AKA,2023,tt27197387,1102776
The Gray Man,2022,tt1649418,725201
The Curious Case of Benjamin Button,2008,tt0421715,4922
Heart of Stone,2023,tt13603966,724209
Madaari,2016,tt5713232,397365
The Meg,2018,tt4779682,345940
Jaane Jaan,2023,tt15748830,950071
Soulcatcher,2023,tt28290233,1149381
Indiana Jones and the Dial of Destiny,2023,tt1462764,335977
Hostile Forces,2023,tt13646080,1163574
Hidden,2015,tt2131532,360784
89,2015,tt3947356,362984
Interstellar,2014,tt0816692,157336
How to Train Your Dragon,2010,tt0892769,10191
The Lord of the Rings: The Fellowship of the Ring,2001,tt0120737,120
The Equalizer 2,2018,tt3766354,345887
The Equalizer 3,2023,tt17024450,926393
The Equalizer,2014,tt0455944,156022
Harry Potter and the Goblet of Fire,2005,tt0330373,674
John Wick: Chapter 3 - Parabellum,2019,tt6146586,458156
John Wick: Chapter 2,2017,tt4425200,324552
John Wick,2014,tt2911666,245891
John Wick: Chapter 4,2023,tt10366206,603692
Meg 2: The Trench,2023,tt9224104,615656
Four Brothers,2005,tt0430105,8292
Æon Flux,2005,tt0402022,8202
Extraction 2,2023,tt12263384,697843
The Wrath of Becky,2023,tt20916568,986070
Bullet Train,2022,tt12593682,718930
Black Widow,2021,tt3480822,497698
Ratsasan,2018,tt7060344,412862
Mirror Game,2016,tt5354160,418325
Black Panther: Wakanda Forever,2022,tt9114286,505642
Overdose,2022,tt15713012,896485
The Takeover,2022,tt18082758,944864
Sardar,2022,tt14526318,858080
Vikram Vedha,2022,tt13131350,851783
Cobra,2022,tt9466814,793032
Dobaaraa,2022,tt14042066,796207
Cadaver,2022,tt11102262,1006463
HIT: The First Case,2022,tt13130760,887109
The Karate Kid,2010,tt1155076,38575
The Black Phone,2022,tt7144666,756999
Kung Fu Panda 2,2011,tt1302011,49444
Morbius,2022,tt5108870,526896
Everything Everywhere All at Once,2022,tt6710474,545611
Bheemla Nayak,2022,tt14209560,811942
Catch Me If You Can,2002,tt0264464,640
Guardians of the Galaxy,2014,tt2015381,118340
Resident Evil: Welcome to Raccoon City,2021,tt6920084,460458
Army of Thieves,2021,tt13024674,796499
Lady Usher,2021,tt10657992,750587
Sweet Girl,2021,tt10731768,619297
Blue Is the Warmest Color,2013,tt2278871,152584
The Matrix Reloaded,2003,tt0234215,604
The Green Mile,1999,tt0120689,497
Space Sweepers,2021,tt12838766,581389
Train to Busan,2016,tt5700672,396535
Mulan,2020,tt4566758,337401
Final Destination,2000,tt0195714,9532
All Is Lost,2013,tt2017038,152747
Extraction,2020,tt8936646,545609
Memories of Murder,2003,tt0353969,11423
Baaghi 3,2020,tt8366590,594669
American Assassin,2017,tt1961175,415842
You Were Never Really Here,2017,tt5742374,398181
The Flash,2023,tt0439572,298618
Hate Story,2012,tt2309987,109907
Wanted,2008,tt0493464,8909
Tangled,2010,tt0398286,38757
The Fall,1999,tt0171308,207735
Hate Story 3,2015,tt4865436,361131
Thupparivaalan,2017,tt7190460,410481
Blade Runner,1982,tt0083658,78
The Mask,1994,tt0110475,854
Text,2019,tt10767426,581561
Cosmic Sex,2015,tt4566934,330141
PK,2014,tt2338151,297222
Spider-Man,2002,tt0145487,557
Spider-Man 2,2004,tt0316654,558
Spider-Man 3,2007,tt0413300,559
Crawl,2019,tt8364368,511987
Hansel & Gretel: Witch Hunters,2013,tt1428538,60304
Home Alone,1990,tt0099785,771
Blood Diamond,2006,tt0450259,1372
Van Helsing,2004,tt0338526,7131
Assault on Wall Street,2013,tt2368553,184125
Léon: The Professional,1994,tt0110413,101
Parasite,2019,tt6751668,496243
Malena,2000,tt0213847,10867
Mowgli: Legend of the Jungle,2018,tt2388771,407436
Andhadhun,2018,tt8108198,534780
Skyscraper,2018,tt5758778,447200
Poramon 2,2018,tt6750884,551528
Rampage,2018,tt2231461,427641
Baaghi 2,2018,tt6843812,496316
Tomb Raider,2018,tt1365519,338970
Hate Story IV,2018,tt5325684,501192
Blade Runner 2049,2017,tt1856101,335984
Dhaka Attack,2017,tt5534436,482239
Kingsman: The Golden Circle,2017,tt4649466,343668
Half Girlfriend,2017,tt5474042,413884
The Fate of the Furious,2017,tt4630562,337339
Source Code,2011,tt0945513,45612
Dangal,2016,tt5074352,360814
The Autopsy of Jane Doe,2016,tt3289956,397243
The Girl on the Train,2016,tt3631112,346685
The Wailing,2016,tt5215952,293670
Baaghi,2016,tt4864932,391629
The Mermaid,2016,tt4701660,381890
Mastizaade,2016,tt3726012,363185
The Walk,2015,tt3488710,285783
Hate Story 2,2014,tt3619772,282346
Take One,2014,tt3324612,418897
Dhoom 3,2013,tt1833673,44977
Poramon,2013,tt2999342,722194
Iron Man 3,2013,tt1300854,68721
Aashiqui 2,2013,tt2203308,192558
Challenge 2,2012,tt2912138,575760
Paglu 2,2012,tt4736026,245178
Paglu,2011,tt2113735,245188
My Friend Rashed,2011,tt1918969,93529
Challenge,2009,tt1399178,528422
Tomb Raider Ascension,2007,tt1629741,550760
Dhoom 2,2006,tt0441048,14194
The Da Vinci Code,2006,tt0382625,591
Dhoom,2004,tt0422091,17478
Lara Croft: Tomb Raider,2001,tt0146316,1995
Dipu Number Two,1996,tt1935109,93527
The Usual Suspects,1995,tt0114814,629
Aashiqui,1990,tt0149573,34369
